,Unnamed: 0,sentence_no,word,predicted_tag,POS_Tags,tag
0,0,0,(,O,(,O
1,1,0,Sambhava,B-LIT&ART,NNP,O
2,2,0,Parva,I-LIT&ART,NNP,O
3,3,0,continued,O,VBD,O
4,4,0,),O,),O
5,5,0,'',O,'',O
6,6,0,Vaisampayana,B-PER,NNP,O
7,7,0,said,O,VBD,O
8,8,0,",",O,",",O
9,9,0,'O,O,'',O
10,10,0,thou,O,NN,O
11,11,0,of,O,IN,O
12,12,0,Kuru,B-COMMUNITY,NNP,O
13,13,0,'s,O,POS,O
14,14,0,race,O,NN,O
15,15,0,",",O,",",O
16,16,0,after,O,IN,O
17,17,0,Chitrangada,B-PER,NNP,O
18,18,0,was,O,VBD,O
19,19,0,slain,O,VBN,O
20,20,0,",",O,",",O
21,21,0,his,O,PRP$,O
22,22,0,successor,O,NN,O
23,23,0,Vichitravirya,B-PER,NNP,O
24,24,0,being,O,VBG,O
25,25,0,a,O,DT,O
26,26,0,minor,O,NN,O
27,27,0,",",O,",",O
28,28,0,Bhishma,B-PER,NNP,O
29,29,0,ruled,O,VBD,O
30,30,0,the,O,DT,O
31,31,0,kingdom,O,NN,O
32,32,0,",",O,",",O
33,33,0,placing,O,VBG,O
34,34,0,himself,O,PRP,O
35,35,0,under,O,IN,O
36,36,0,the,O,DT,O
37,37,0,command,O,NN,O
38,38,0,of,O,IN,O
39,39,0,Satyavati,B-PER,NNP,O
40,40,0,.,O,.,O
41,41,1,When,O,WRB,O
42,42,1,he,O,PRP,O
43,43,1,saw,O,VBD,O
44,44,1,that,O,IN,O
45,45,1,his,O,PRP$,O
46,46,1,brother,O,NN,O
47,47,1,",",O,",",O
48,48,1,who,O,WP,O
49,49,1,was,O,VBD,O
50,50,1,the,O,DT,O
51,51,1,foremost,O,NN,O
52,52,1,of,O,IN,O
53,53,1,intelligent,O,JJ,O
54,54,1,men,O,NNS,O
55,55,1,",",O,",",O
56,56,1,attained,O,VBD,O
57,57,1,to,O,TO,O
58,58,1,majority,O,NN,O
59,59,1,",",O,",",O
60,60,1,Bhishma,B-PER,NNP,O
61,61,1,set,O,VBD,O
62,62,1,his,O,PRP$,O
63,63,1,heart,O,NN,O
64,64,1,upon,O,IN,O
65,65,1,marrying,O,VBG,O
66,66,1,Vichitravirya,B-PER,NNP,O
67,67,1,.,O,.,O
68,68,2,At,O,IN,O
69,69,2,this,O,DT,O
70,70,2,time,O,NN,O
71,71,2,he,O,PRP,O
72,72,2,heard,O,VBD,O
73,73,2,that,O,IN,O
74,74,2,the,O,DT,O
75,75,2,three,O,CD,O
76,76,2,daughters,O,NNS,O
77,77,2,of,O,IN,O
78,78,2,the,O,DT,O
79,79,2,king,O,NN,O
80,80,2,of,O,IN,O
81,81,2,Kasi,B-PLACE,NNP,O
82,82,2,",",O,",",O
83,83,2,all,O,DT,O
84,84,2,equal,O,JJ,O
85,85,2,in,O,IN,O
86,86,2,beauty,O,NN,O
87,87,2,to,O,TO,O
88,88,2,the,O,DT,O
89,89,2,Apsaras,B-COMMUNITY,NNP,O
90,90,2,themselves,O,PRP,O
91,91,2,",",O,",",O
92,92,2,would,O,MD,O
93,93,2,be,O,VB,O
94,94,2,married,O,VBN,O
95,95,2,on,O,IN,O
96,96,2,the,O,DT,O
97,97,2,same,O,JJ,O
98,98,2,occasion,O,NN,O
99,99,2,",",O,",",O
100,100,2,selecting,O,VBG,O
101,101,2,their,O,PRP$,O
102,102,2,husbands,O,NNS,O
103,103,2,at,O,IN,O
104,104,2,a,O,DT,O
105,105,2,self-choice,O,JJ,O
106,106,2,ceremony,O,NN,O
107,107,2,.,O,.,O
108,108,3,Then,O,RB,O
109,109,3,that,O,DT,O
110,110,3,foremost,O,NN,O
111,111,3,of,O,IN,O
112,112,3,car-warriors,O,NNS,O
113,113,3,",",O,",",O
114,114,3,that,O,IN,O
115,115,3,vanquisher,O,NN,O
116,116,3,of,O,IN,O
117,117,3,all,O,DT,O
118,118,3,foes,O,NNS,O
119,119,3,",",O,",",O
120,120,3,at,O,IN,O
121,121,3,the,O,DT,O
122,122,3,command,O,NN,O
123,123,3,of,O,IN,O
124,124,3,his,O,PRP$,O
125,125,3,mother,O,NN,O
126,126,3,",",O,",",O
127,127,3,went,O,VBD,O
128,128,3,to,O,TO,O
129,129,3,the,O,DT,O
130,130,3,city,O,NN,O
131,131,3,of,O,IN,O
132,132,3,Varanasi,O,NNP,O
133,133,3,in,O,IN,O
134,134,3,a,O,DT,O
135,135,3,single,O,JJ,O
136,136,3,chariot,O,NN,O
137,137,3,.,O,.,O
138,138,4,There,O,EX,O
139,139,4,Bhishma,B-PER,NNP,O
140,140,4,",",O,",",O
141,141,4,the,O,DT,O
142,142,4,son,O,NN,O
143,143,4,of,O,IN,O
144,144,4,Santanu,B-PER,NNP,O
145,145,4,",",O,",",O
146,146,4,saw,O,VBD,O
147,147,4,that,O,IN,O
148,148,4,innumerable,O,JJ,O
149,149,4,monarchs,O,NNS,O
150,150,4,had,O,VBD,O
151,151,4,come,O,VBN,O
152,152,4,from,O,IN,O
153,153,4,all,O,DT,O
154,154,4,directions,O,NNS,O
155,155,4,;,O,:,O
156,156,4,and,O,CC,O
157,157,4,there,O,EX,O
158,158,4,he,O,PRP,O
159,159,4,also,O,RB,O
160,160,4,saw,O,VBD,O
161,161,4,those,O,DT,O
162,162,4,three,O,CD,O
163,163,4,maidens,O,NNS,O
164,164,4,that,O,WDT,O
165,165,4,would,O,MD,O
166,166,4,select,O,VB,O
167,167,4,their,O,PRP$,O
168,168,4,own,O,JJ,O
169,169,4,husbands,O,NNS,O
170,170,4,.,O,.,O
171,171,5,And,O,CC,O
172,172,5,when,O,WRB,O
173,173,5,the,O,DT,O
174,174,5,(,O,(,O
175,175,5,assembled,O,VBN,O
176,176,5,),O,),O
177,177,5,kings,O,NNS,O
178,178,5,were,O,VBD,O
179,179,5,each,O,DT,O
180,180,5,being,O,VBG,O
181,181,5,mentioned,O,VBN,O
182,182,5,by,O,IN,O
183,183,5,name,O,NN,O
184,184,5,",",O,",",O
185,185,5,Bhishma,B-PER,NNP,O
186,186,5,chose,O,VBD,O
187,187,5,those,O,DT,O
188,188,5,maidens,O,NNS,O
189,189,5,(,O,(,O
190,190,5,on,O,IN,O
191,191,5,behalf,O,NN,O
192,192,5,of,O,IN,O
193,193,5,his,O,PRP$,O
194,194,5,brother,O,NN,O
195,195,5,),O,),O
196,196,5,.,O,.,O
197,197,6,And,O,CC,O
198,198,6,taking,O,VBG,O
199,199,6,them,O,PRP,O
200,200,6,upon,O,IN,O
201,201,6,his,O,PRP$,O
202,202,6,chariot,O,NN,O
203,203,6,",",O,",",O
204,204,6,Bhishma,B-PER,NNP,O
205,205,6,",",O,",",O
206,206,6,that,O,IN,O
207,207,6,first,O,JJ,O
208,208,6,of,O,IN,O
209,209,6,smiters,O,NNS,O
210,210,6,in,O,IN,O
211,211,6,battle,O,NN,O
212,212,6,",",O,",",O
213,213,6,addressed,O,VBD,O
214,214,6,the,O,DT,O
215,215,6,kings,O,NNS,O
216,216,6,",",O,",",O
217,217,6,O,O,NNP,O
218,218,6,monarch,O,NN,O
219,219,6,",",O,",",O
220,220,6,and,O,CC,O
221,221,6,said,O,VBD,O
222,222,6,in,O,IN,O
223,223,6,a,O,DT,O
224,224,6,voice,O,NN,O
225,225,6,deep,O,RB,O
226,226,6,as,O,IN,O
227,227,6,the,O,DT,O
228,228,6,roar,O,NN,O
229,229,6,of,O,IN,O
230,230,6,the,O,DT,O
231,231,6,clouds,O,NN,O
232,232,6,",",O,",",O
233,233,6,'The,O,'',O
234,234,6,wise,O,NN,O
235,235,6,have,O,VBP,O
236,236,6,directed,O,VBN,O
237,237,6,that,O,IN,O
238,238,6,when,O,WRB,O
239,239,6,an,O,DT,O
240,240,6,accomplished,O,JJ,O
241,241,6,person,O,NN,O
242,242,6,has,O,VBZ,O
243,243,6,been,O,VBN,O
244,244,6,invited,O,VBN,O
245,245,6,",",O,",",O
246,246,6,a,O,DT,O
247,247,6,maiden,O,NN,O
248,248,6,may,O,MD,O
249,249,6,be,O,VB,O
250,250,6,bestowed,O,VBN,O
251,251,6,on,O,IN,O
252,252,6,him,O,PRP,O
253,253,6,",",O,",",O
254,254,6,decked,O,VBN,O
255,255,6,with,O,IN,O
256,256,6,ornaments,O,NNS,O
257,257,6,and,O,CC,O
258,258,6,along,O,IN,O
259,259,6,with,O,IN,O
260,260,6,many,O,JJ,O
261,261,6,valuable,O,JJ,O
262,262,6,presents,O,NNS,O
263,263,6,.,O,.,O
264,264,7,Others,O,NNS,O
265,265,7,again,O,RB,O
266,266,7,may,O,MD,O
267,267,7,bestow,O,VB,O
268,268,7,their,O,PRP$,O
269,269,7,daughters,O,NNS,O
270,270,7,by,O,IN,O
271,271,7,accepting,O,VBG,O
272,272,7,a,O,DT,O
273,273,7,couple,O,NN,O
274,274,7,of,O,IN,O
275,275,7,kine,O,NN,O
276,276,7,.,O,.,O
277,277,8,Some,O,DT,O
278,278,8,again,O,RB,O
279,279,8,bestow,O,VBP,O
280,280,8,their,O,PRP$,O
281,281,8,daughters,O,NNS,O
282,282,8,by,O,IN,O
283,283,8,taking,O,VBG,O
284,284,8,a,O,DT,O
285,285,8,fixed,O,JJ,O
286,286,8,sum,O,NN,O
287,287,8,",",O,",",O
288,288,8,and,O,CC,O
289,289,8,some,O,DT,O
290,290,8,take,O,VBP,O
291,291,8,away,O,RP,O
292,292,8,maidens,O,NNS,O
293,293,8,by,O,IN,O
294,294,8,force,O,NN,O
295,295,8,.,O,.,O
296,296,9,Some,O,DT,O
297,297,9,wed,O,VBD,O
298,298,9,with,O,IN,O
299,299,9,the,O,DT,O
300,300,9,consent,O,NN,O
301,301,9,of,O,IN,O
302,302,9,the,O,DT,O
303,303,9,maidens,O,NNS,O
304,304,9,",",O,",",O
305,305,9,some,O,DT,O
306,306,9,by,O,IN,O
307,307,9,drugging,O,VBG,O
308,308,9,them,O,PRP,O
309,309,9,into,O,IN,O
310,310,9,consent,O,NN,O
311,311,9,",",O,",",O
312,312,9,and,O,CC,O
313,313,9,some,O,DT,O
314,314,9,by,O,IN,O
315,315,9,going,O,VBG,O
316,316,9,unto,O,IN,O
317,317,9,the,O,DT,O
318,318,9,maidens,O,NNS,O
319,319,9,',O,POS,O
320,320,9,parents,O,NNS,O
321,321,9,and,O,CC,O
322,322,9,obtaining,O,VBG,O
323,323,9,their,O,PRP$,O
324,324,9,sanction,O,NN,O
325,325,9,.,O,.,O
326,326,10,Some,O,DT,O
327,327,10,again,O,RB,O
328,328,10,obtain,O,VB,O
329,329,10,wives,O,NNS,O
330,330,10,as,O,IN,O
331,331,10,presents,O,NNS,O
332,332,10,for,O,IN,O
333,333,10,assisting,O,VBG,O
334,334,10,at,O,IN,O
335,335,10,sacrifices,O,NNS,O
336,336,10,.,O,.,O
337,337,11,Of,O,IN,O
338,338,11,these,O,DT,O
339,339,11,",",O,",",O
340,340,11,the,O,DT,O
341,341,11,learned,O,JJ,O
342,342,11,always,O,RB,O
343,343,11,applaud,O,VBP,O
344,344,11,the,O,DT,O
345,345,11,eighth,O,JJ,O
346,346,11,form,O,NN,O
347,347,11,of,O,IN,O
348,348,11,marriage,O,NN,O
349,349,11,.,O,.,O
350,350,12,Kings,O,NNS,O
351,351,12,",",O,",",O
352,352,12,however,O,RB,O
353,353,12,",",O,",",O
354,354,12,speak,O,JJ,O
355,355,12,highly,O,RB,O
356,356,12,of,O,IN,O
357,357,12,the,O,DT,O
358,358,12,Swyamvara,B-EVE,NNP,O
359,359,12,(,O,(,O
360,360,12,the,O,DT,O
361,361,12,fifth,O,NN,O
362,362,12,form,O,NN,O
363,363,12,as,O,IN,O
364,364,12,above,O,NN,O
365,365,12,),O,),O
366,366,12,and,O,CC,O
367,367,12,themselves,O,PRP,O
368,368,12,wed,O,VBD,O
369,369,12,according,O,VBG,O
370,370,12,to,O,TO,O
371,371,12,it,O,PRP,O
372,372,12,.,O,.,O
373,373,13,But,O,CC,O
374,374,13,the,O,DT,O
375,375,13,sages,O,NNS,O
376,376,13,have,O,VBP,O
377,377,13,said,O,VBD,O
378,378,13,that,O,IN,O
379,379,13,",",O,",",O
380,380,13,that,O,DT,O
381,381,13,wife,O,NN,O
382,382,13,is,O,VBZ,O
383,383,13,dearly,O,JJ,O
384,384,13,to,O,TO,O
385,385,13,be,O,VB,O
386,386,13,prized,O,VBN,O
387,387,13,who,O,WP,O
388,388,13,is,O,VBZ,O
389,389,13,taken,O,VBN,O
390,390,13,away,O,RB,O
391,391,13,by,O,IN,O
392,392,13,force,O,NN,O
393,393,13,",",O,",",O
394,394,13,after,O,IN,O
395,395,13,the,O,DT,O
396,396,13,slaughter,O,NN,O
397,397,13,of,O,IN,O
398,398,13,opponents,O,NNS,O
399,399,13,",",O,",",O
400,400,13,from,O,IN,O
401,401,13,amidst,O,IN,O
402,402,13,the,O,DT,O
403,403,13,concourse,O,NN,O
404,404,13,of,O,IN,O
405,405,13,princes,O,NNS,O
406,406,13,and,O,CC,O
407,407,13,kings,O,NNS,O
408,408,13,invited,O,VBN,O
409,409,13,to,O,TO,O
410,410,13,a,O,DT,O
411,411,13,self-choice,O,JJ,O
412,412,13,ceremony,O,NN,O
413,413,13,.,O,.,O
414,414,14,Therefore,O,RB,O
415,415,14,",",O,",",O
416,416,14,ye,O,PRP,O
417,417,14,monarchs,O,VBP,O
418,418,14,",",O,",",O
419,419,14,I,O,PRP,O
420,420,14,bear,O,VBP,O
421,421,14,away,O,RB,O
422,422,14,these,O,DT,O
423,423,14,maidens,O,NNS,O
424,424,14,hence,O,NN,O
425,425,14,by,O,IN,O
426,426,14,force,O,NN,O
427,427,14,.,O,.,O
428,428,15,Strive,O,JJ,O
429,429,15,ye,O,NN,O
430,430,15,",",O,",",O
431,431,15,to,O,TO,O
432,432,15,the,O,DT,O
433,433,15,best,O,JJS,O
434,434,15,of,O,IN,O
435,435,15,your,O,PRP$,O
436,436,15,might,O,MD,O
437,437,15,",",O,",",O
438,438,15,to,O,TO,O
439,439,15,vanquish,O,VB,O
440,440,15,me,O,PRP,O
441,441,15,or,O,CC,O
442,442,15,to,O,TO,O
443,443,15,be,O,VB,O
444,444,15,vanquished,O,VBN,O
445,445,15,.,O,.,O
446,446,16,Ye,O,NNP,O
447,447,16,monarchs,O,NN,O
448,448,16,",",O,",",O
449,449,16,I,O,PRP,O
450,450,16,stand,O,VBP,O
451,451,16,here,O,RB,O
452,452,16,resolved,O,VBN,O
453,453,16,to,O,TO,O
454,454,16,fight,O,VB,O
455,455,16,!,O,.,O
456,456,16,',O,'',O
457,457,17,Kuru,B-COMMUNITY,NNP,O
458,458,17,prince,O,NN,O
459,459,17,",",O,",",O
460,460,17,endued,O,VBN,O
461,461,17,with,O,IN,O
462,462,17,great,O,JJ,O
463,463,17,energy,O,NN,O
464,464,17,",",O,",",O
465,465,17,thus,O,RB,O
466,466,17,addressing,O,VBG,O
467,467,17,the,O,DT,O
468,468,17,assembled,O,JJ,O
469,469,17,monarchs,O,NN,O
470,470,17,and,O,CC,O
471,471,17,the,O,DT,O
472,472,17,king,O,NN,O
473,473,17,of,O,IN,O
474,474,17,Kasi,B-PLACE,NNP,O
475,475,17,",",O,",",O
476,476,17,took,O,VBD,O
477,477,17,upon,O,IN,O
478,478,17,his,O,PRP$,O
479,479,17,car,O,NN,O
480,480,17,those,O,DT,O
481,481,17,maidens,O,NNS,O
482,482,17,.,O,.,O
483,483,18,And,O,CC,O
484,484,18,having,O,VBG,O
485,485,18,taken,O,VBN,O
486,486,18,them,O,PRP,O
487,487,18,up,O,RB,O
488,488,18,",",O,",",O
489,489,18,he,O,PRP,O
490,490,18,sped,O,VBD,O
491,491,18,his,O,PRP$,O
492,492,18,chariot,O,NN,O
493,493,18,away,O,RB,O
494,494,18,",",O,",",O
495,495,18,challenging,O,VBG,O
496,496,18,the,O,DT,O
497,497,18,invited,O,JJ,O
498,498,18,kings,O,NNS,O
499,499,18,to,O,TO,O
500,500,18,a,O,DT,O
501,501,18,fight,O,NN,O
502,502,18,.,O,.,O
503,503,19,``,O,``,O
504,504,19,The,O,DT,O
505,505,19,challenged,O,NN,O
506,506,19,monarchs,O,NN,O
507,507,19,then,O,RB,O
508,508,19,all,O,DT,O
509,509,19,stood,O,VBD,O
510,510,19,up,O,RP,O
511,511,19,",",O,",",O
512,512,19,slapping,O,VBG,O
513,513,19,their,O,PRP$,O
514,514,19,arms,O,NNS,O
515,515,19,and,O,CC,O
516,516,19,biting,O,VBG,O
517,517,19,their,O,PRP$,O
518,518,19,nether,O,JJ,O
519,519,19,lips,O,NNS,O
520,520,19,in,O,IN,O
521,521,19,wrath,O,NN,O
522,522,19,.,O,.,O
523,523,20,And,O,CC,O
524,524,20,loud,O,NN,O
525,525,20,was,O,VBD,O
526,526,20,the,O,DT,O
527,527,20,din,O,NN,O
528,528,20,produced,O,VBD,O
529,529,20,",",O,",",O
530,530,20,as,O,IN,O
531,531,20,",",O,",",O
532,532,20,in,O,IN,O
533,533,20,a,O,DT,O
534,534,20,great,O,JJ,O
535,535,20,hurry,O,NN,O
536,536,20,",",O,",",O
537,537,20,they,O,PRP,O
538,538,20,began,O,VBD,O
539,539,20,to,O,TO,O
540,540,20,cast,O,VB,O
541,541,20,off,O,RP,O
542,542,20,their,O,PRP$,O
543,543,20,ornaments,O,NNS,O
544,544,20,and,O,CC,O
545,545,20,put,O,VB,O
546,546,20,on,O,IN,O
547,547,20,their,O,PRP$,O
548,548,20,armour,O,NN,O
549,549,20,.,O,.,O
550,550,21,And,O,CC,O
551,551,21,the,O,DT,O
552,552,21,motion,O,NN,O
553,553,21,of,O,IN,O
554,554,21,their,O,PRP$,O
555,555,21,ornaments,O,NNS,O
556,556,21,and,O,CC,O
557,557,21,armour,O,NN,O
558,558,21,",",O,",",O
559,559,21,O,O,NNP,O
560,560,21,Janamejaya,B-PER,NNP,O
561,561,21,",",O,",",O
562,562,21,brilliant,O,NN,O
563,563,21,as,O,IN,O
564,564,21,these,O,DT,O
565,565,21,were,O,VBD,O
566,566,21,",",O,",",O
567,567,21,resembled,O,VBN,O
568,568,21,meteoric,O,JJ,O
569,569,21,flashes,O,NNS,O
570,570,21,in,O,IN,O
571,571,21,the,O,DT,O
572,572,21,sky,O,NN,O
573,573,21,.,O,.,O
574,574,22,And,O,CC,O
575,575,22,with,O,IN,O
576,576,22,brows,O,NNS,O
577,577,22,contracted,O,VBN,O
578,578,22,and,O,CC,O
579,579,22,eyes,O,NNS,O
580,580,22,red,O,JJ,O
581,581,22,with,O,IN,O
582,582,22,rage,O,NN,O
583,583,22,",",O,",",O
584,584,22,the,O,DT,O
585,585,22,monarchs,O,NN,O
586,586,22,moved,O,VBD,O
587,587,22,in,O,IN,O
588,588,22,impatience,O,NN,O
589,589,22,",",O,",",O
590,590,22,their,O,PRP$,O
591,591,22,armour,O,NN,O
592,592,22,and,O,CC,O
593,593,22,ornaments,O,NNS,O
594,594,22,dazzling,O,VBG,O
595,595,22,or,O,CC,O
596,596,22,waving,O,VBG,O
597,597,22,with,O,IN,O
598,598,22,their,O,PRP$,O
599,599,22,agitated,O,JJ,O
600,600,22,steps,O,NNS,O
601,601,22,.,O,.,O
602,602,23,The,O,DT,O
603,603,23,charioteers,O,NNS,O
604,604,23,soon,O,RB,O
605,605,23,brought,O,VBD,O
606,606,23,handsome,O,JJ,O
607,607,23,cars,O,NNS,O
608,608,23,with,O,IN,O
609,609,23,fine,O,JJ,O
610,610,23,horses,O,NNS,O
611,611,23,harnessed,O,VBD,O
612,612,23,thereto,O,NN,O
613,613,23,.,O,.,O
614,614,24,Those,O,DT,O
615,615,24,splendid,O,JJ,O
616,616,24,warriors,O,NNS,O
617,617,24,then,O,RB,O
618,618,24,",",O,",",O
619,619,24,equipped,O,VBD,O
620,620,24,with,O,IN,O
621,621,24,all,O,DT,O
622,622,24,kinds,O,NNS,O
623,623,24,of,O,IN,O
624,624,24,weapons,O,NNS,O
625,625,24,",",O,",",O
626,626,24,rode,O,NN,O
627,627,24,on,O,IN,O
628,628,24,those,O,DT,O
629,629,24,cars,O,NNS,O
630,630,24,",",O,",",O
631,631,24,and,O,CC,O
632,632,24,with,O,IN,O
633,633,24,uplifted,O,JJ,O
634,634,24,weapons,O,NNS,O
635,635,24,pursued,O,VBD,O
636,636,24,the,O,DT,O
637,637,24,retreating,O,VBG,O
638,638,24,chief,O,NN,O
639,639,24,of,O,IN,O
640,640,24,the,O,DT,O
641,641,24,Kurus,B-COMMUNITY,NNP,O
642,642,24,.,O,.,O
643,643,25,Then,O,RB,O
644,644,25,",",O,",",O
645,645,25,O,O,NNP,O
646,646,25,Bharata,B-PLACE,NNP,O
647,647,25,",",O,",",O
648,648,25,occurred,O,VBD,O
649,649,25,the,O,DT,O
650,650,25,terrible,O,JJ,O
651,651,25,encounter,O,NN,O
652,652,25,between,O,IN,O
653,653,25,those,O,DT,O
654,654,25,innumerable,O,JJ,O
655,655,25,monarchs,O,NNS,O
656,656,25,on,O,IN,O
657,657,25,one,O,CD,O
658,658,25,side,O,NN,O
659,659,25,and,O,CC,O
660,660,25,the,O,DT,O
661,661,25,Kuru,B-COMMUNITY,NNP,O
662,662,25,warrior,O,WDT,O
663,663,25,alone,O,RB,O
664,664,25,on,O,IN,O
665,665,25,the,O,DT,O
666,666,25,other,O,JJ,O
667,667,25,.,O,.,O
668,668,26,And,O,CC,O
669,669,26,the,O,DT,O
670,670,26,assembled,O,JJ,O
671,671,26,monarchs,O,NN,O
672,672,26,threw,O,VBD,O
673,673,26,at,O,IN,O
674,674,26,their,O,PRP$,O
675,675,26,foe,O,NN,O
676,676,26,ten,O,NNS,O
677,677,26,thousand,O,VBP,O
678,678,26,arrows,O,NNS,O
679,679,26,at,O,IN,O
680,680,26,the,O,DT,O
681,681,26,same,O,JJ,O
682,682,26,time,O,NN,O
683,683,26,.,O,.,O
684,684,27,Bhishma,B-PER,NNP,O
685,685,27,",",O,",",O
686,686,27,however,O,RB,O
687,687,27,speedily,O,RB,O
688,688,27,checked,O,VBN,O
689,689,27,those,O,DT,O
690,690,27,numberless,O,JJ,O
691,691,27,arrows,O,NNS,O
692,692,27,before,O,IN,O
693,693,27,they,O,PRP,O
694,694,27,could,O,MD,O
695,695,27,come,O,VB,O
696,696,27,at,O,IN,O
697,697,27,him,O,PRP,O
698,698,27,by,O,IN,O
699,699,27,means,O,NNS,O
700,700,27,of,O,IN,O
701,701,27,a,O,DT,O
702,702,27,shower,O,NN,O
703,703,27,of,O,IN,O
704,704,27,his,O,PRP$,O
705,705,27,own,O,JJ,O
706,706,27,arrows,O,NNS,O
707,707,27,as,O,RB,O
708,708,27,innumerable,O,JJ,O
709,709,27,as,O,IN,O
710,710,27,the,O,DT,O
711,711,27,down,O,NN,O
712,712,27,on,O,IN,O
713,713,27,the,O,DT,O
714,714,27,body,O,NN,O
715,715,27,.,O,.,O
716,716,28,Then,O,RB,O
717,717,28,those,O,DT,O
718,718,28,kings,O,NNS,O
719,719,28,surrounded,O,VBD,O
720,720,28,him,O,PRP,O
721,721,28,from,O,IN,O
722,722,28,all,O,DT,O
723,723,28,sides,O,NNS,O
724,724,28,and,O,CC,O
725,725,28,rained,O,VBD,O
726,726,28,arrows,O,NNS,O
727,727,28,on,O,IN,O
728,728,28,him,O,PRP,O
729,729,28,like,O,IN,O
730,730,28,masses,O,NNS,O
731,731,28,of,O,IN,O
732,732,28,clouds,O,NNS,O
733,733,28,showering,O,VBG,O
734,734,28,on,O,IN,O
735,735,28,the,O,DT,O
736,736,28,mountain-breast,O,NN,O
737,737,28,.,O,.,O
738,738,29,But,O,CC,O
739,739,29,Bhishma,B-PER,NNP,O
740,740,29,",",O,",",O
741,741,29,arresting,O,VBG,O
742,742,29,with,O,IN,O
743,743,29,his,O,PRP$,O
744,744,29,shafts,O,NNS,O
745,745,29,the,O,DT,O
746,746,29,course,O,NN,O
747,747,29,of,O,IN,O
748,748,29,that,O,DT,O
749,749,29,arrowy,O,VBZ,O
750,750,29,downpour,O,NN,O
751,751,29,",",O,",",O
752,752,29,pierced,O,VBD,O
753,753,29,each,O,DT,O
754,754,29,of,O,IN,O
755,755,29,the,O,DT,O
756,756,29,monarchs,O,NN,O
757,757,29,with,O,IN,O
758,758,29,three,O,CD,O
759,759,29,shafts,O,NNS,O
760,760,29,.,O,.,O
761,761,30,The,O,DT,O
762,762,30,latter,O,NN,O
763,763,30,",",O,",",O
764,764,30,in,O,IN,O
765,765,30,their,O,PRP$,O
766,766,30,turn,O,NN,O
767,767,30,pierced,O,VBN,O
768,768,30,Bhishma,B-PER,NNP,O
769,769,30,",",O,",",O
770,770,30,each,O,DT,O
771,771,30,with,O,IN,O
772,772,30,five,O,CD,O
773,773,30,shafts,O,NNS,O
774,774,30,.,O,.,O
775,775,31,But,O,CC,O
776,776,31,",",O,",",O
777,777,31,O,O,NNP,O
778,778,31,king,O,NN,O
779,779,31,",",O,",",O
780,780,31,Bhishma,B-PER,NNP,O
781,781,31,checked,O,VBD,O
782,782,31,those,O,DT,O
783,783,31,by,O,IN,O
784,784,31,his,O,PRP$,O
785,785,31,prowess,O,NN,O
786,786,31,and,O,CC,O
787,787,31,pierced,O,VBD,O
788,788,31,each,O,DT,O
789,789,31,of,O,IN,O
790,790,31,the,O,DT,O
791,791,31,contending,O,JJ,O
792,792,31,kings,O,NNS,O
793,793,31,with,O,IN,O
794,794,31,two,O,CD,O
795,795,31,shafts,O,NNS,O
796,796,31,.,O,.,O
797,797,32,The,O,DT,O
798,798,32,combat,O,NN,O
799,799,32,became,O,VBD,O
800,800,32,so,O,RB,O
801,801,32,fierce,O,JJ,O
802,802,32,with,O,IN,O
803,803,32,that,O,DT,O
804,804,32,dense,O,NN,O
805,805,32,shower,O,NN,O
806,806,32,of,O,IN,O
807,807,32,arrows,O,NNS,O
808,808,32,and,O,CC,O
809,809,32,other,O,JJ,O
810,810,32,missiles,O,NNS,O
811,811,32,that,O,IN,O
812,812,32,it,O,PRP,O
813,813,32,looked,O,VBD,O
814,814,32,very,O,RB,O
815,815,32,much,O,JJ,O
816,816,32,like,O,IN,O
817,817,32,the,O,DT,O
818,818,32,encounter,O,NN,O
819,819,32,between,O,IN,O
820,820,32,the,O,DT,O
821,821,32,celestials,O,NNS,O
822,822,32,and,O,CC,O
823,823,32,the,O,DT,O
824,824,32,Asuras,B-COMMUNITY,NNP,O
825,825,32,of,O,IN,O
826,826,32,old,O,JJ,O
827,827,32,",",O,",",O
828,828,32,and,O,CC,O
829,829,32,men,O,NNS,O
830,830,32,of,O,IN,O
831,831,32,courage,O,NN,O
832,832,32,who,O,WP,O
833,833,32,took,O,VBD,O
834,834,32,no,O,DT,O
835,835,32,part,O,NN,O
836,836,32,in,O,IN,O
837,837,32,it,O,PRP,O
838,838,32,were,O,VBD,O
839,839,32,struck,O,VBN,O
840,840,32,with,O,IN,O
841,841,32,fear,O,NN,O
842,842,32,even,O,RB,O
843,843,32,to,O,TO,O
844,844,32,look,O,VB,O
845,845,32,at,O,IN,O
846,846,32,the,O,DT,O
847,847,32,scene,O,NN,O
848,848,32,.,O,.,O
849,849,33,Bhishma,B-PER,NNP,O
850,850,33,cut,O,VBD,O
851,851,33,off,O,RP,O
852,852,33,",",O,",",O
853,853,33,with,O,IN,O
854,854,33,his,O,PRP$,O
855,855,33,arrows,O,NNS,O
856,856,33,",",O,",",O
857,857,33,on,O,IN,O
858,858,33,the,O,DT,O
859,859,33,field,O,NN,O
860,860,33,of,O,IN,O
861,861,33,battle,O,NN,O
862,862,33,",",O,",",O
863,863,33,bows,O,NNS,O
864,864,33,",",O,",",O
865,865,33,and,O,CC,O
866,866,33,flagstaffs,O,NNS,O
867,867,33,",",O,",",O
868,868,33,and,O,CC,O
869,869,33,coats,O,NNS,O
870,870,33,of,O,IN,O
871,871,33,mail,O,NN,O
872,872,33,",",O,",",O
873,873,33,and,O,CC,O
874,874,33,human,O,JJ,O
875,875,33,heads,O,NNS,O
876,876,33,by,O,IN,O
877,877,33,hundreds,O,NNS,O
878,878,33,and,O,CC,O
879,879,33,thousands,O,NNS,O
880,880,33,.,O,.,O
881,881,34,And,O,CC,O
882,882,34,such,O,JJ,O
883,883,34,was,O,VBD,O
884,884,34,his,O,PRP$,O
885,885,34,terrible,O,JJ,O
886,886,34,prowess,O,NN,O
887,887,34,and,O,CC,O
888,888,34,extraordinary,O,JJ,O
889,889,34,lightness,O,NN,O
890,890,34,of,O,IN,O
891,891,34,hand,O,NN,O
892,892,34,",",O,",",O
893,893,34,and,O,CC,O
894,894,34,such,O,PDT,O
895,895,34,the,O,DT,O
896,896,34,skill,O,NN,O
897,897,34,with,O,IN,O
898,898,34,which,O,WDT,O
899,899,34,he,O,PRP,O
900,900,34,protected,O,VBD,O
901,901,34,himself,O,PRP,O
902,902,34,",",O,",",O
903,903,34,that,O,IN,O
904,904,34,the,O,DT,O
905,905,34,contending,O,VBG,O
906,906,34,car-warriors,O,NNS,O
907,907,34,",",O,",",O
908,908,34,though,O,IN,O
909,909,34,his,O,PRP$,O
910,910,34,enemies,O,NNS,O
911,911,34,",",O,",",O
912,912,34,began,O,VBD,O
913,913,34,to,O,TO,O
914,914,34,applaud,O,VB,O
915,915,34,him,O,PRP,O
916,916,34,loudly,O,RB,O
917,917,34,.,O,.,O
918,918,35,Then,O,RB,O
919,919,35,that,O,DT,O
920,920,35,foremost,O,NN,O
921,921,35,of,O,IN,O
922,922,35,all,O,DT,O
923,923,35,wielders,O,NNS,O
924,924,35,of,O,IN,O
925,925,35,weapons,O,NNS,O
926,926,35,having,O,VBG,O
927,927,35,vanquished,O,VBN,O
928,928,35,in,O,IN,O
929,929,35,battle,O,NN,O
930,930,35,all,O,PDT,O
931,931,35,those,O,DT,O
932,932,35,monarchs,O,NNS,O
933,933,35,",",O,",",O
934,934,35,pursued,O,VBD,O
935,935,35,his,O,PRP$,O
936,936,35,way,O,NN,O
937,937,35,towards,O,IN,O
938,938,35,the,O,DT,O
939,939,35,capital,O,NN,O
940,940,35,of,O,IN,O
941,941,35,the,O,DT,O
942,942,35,Bharatas,B-COMMUNITY,NNP,O
943,943,35,",",O,",",O
944,944,35,taking,O,VBG,O
945,945,35,those,O,DT,O
946,946,35,maidens,O,NNS,O
947,947,35,with,O,IN,O
948,948,35,him,O,PRP,O
949,949,35,.,O,.,O
950,950,36,``,O,``,O
951,951,36,It,O,PRP,O
952,952,36,was,O,VBD,O
953,953,36,then,O,RB,O
954,954,36,",",O,",",O
955,955,36,O,O,NNP,O
956,956,36,king,O,NN,O
957,957,36,",",O,",",O
958,958,36,that,O,IN,O
959,959,36,mighty,O,JJ,O
960,960,36,car-warrior,O,JJ,O
961,961,36,",",O,",",O
962,962,36,king,O,VBG,O
963,963,36,Salya,B-PER,NNP,O
964,964,36,of,O,IN,O
965,965,36,immeasurable,O,JJ,O
966,966,36,prowess,O,NN,O
967,967,36,",",O,",",O
968,968,36,from,O,IN,O
969,969,36,behind,O,IN,O
970,970,36,summoned,O,JJ,O
971,971,36,Bhishma,B-PER,NNP,O
972,972,36,",",O,",",O
973,973,36,the,O,DT,O
974,974,36,son,O,NN,O
975,975,36,of,O,IN,O
976,976,36,Santanu,B-PER,NNP,O
977,977,36,",",O,",",O
978,978,36,to,O,TO,O
979,979,36,an,O,DT,O
980,980,36,encounter,O,NN,O
981,981,36,.,O,.,O
982,982,37,And,O,CC,O
983,983,37,desirous,O,JJ,O
984,984,37,of,O,IN,O
985,985,37,obtaining,O,VBG,O
986,986,37,the,O,DT,O
987,987,37,maidens,O,NNS,O
988,988,37,",",O,",",O
989,989,37,he,O,PRP,O
990,990,37,came,O,VBD,O
991,991,37,upon,O,RB,O
992,992,37,Bhishma,B-PER,NNP,O
993,993,37,like,O,IN,O
994,994,37,a,O,DT,O
995,995,37,mighty,O,JJ,O
996,996,37,leader,O,NN,O
997,997,37,of,O,IN,O
998,998,37,a,O,DT,O
999,999,37,herd,O,NN,O
1000,1000,37,of,O,IN,O
1001,1001,37,elephants,O,NNS,O
1002,1002,37,rushing,O,VBG,O
1003,1003,37,upon,O,IN,O
1004,1004,37,another,O,DT,O
1005,1005,37,of,O,IN,O
1006,1006,37,his,O,PRP$,O
1007,1007,37,kind,O,NN,O
1008,1008,37,",",O,",",O
1009,1009,37,and,O,CC,O
1010,1010,37,tearing,O,VBG,O
1011,1011,37,with,O,IN,O
1012,1012,37,his,O,PRP$,O
1013,1013,37,tusks,O,NNS,O
1014,1014,37,the,O,DT,O
1015,1015,37,latter,O,NN,O
1016,1016,37,'s,O,POS,O
1017,1017,37,hips,O,NNS,O
1018,1018,37,at,O,IN,O
1019,1019,37,the,O,DT,O
1020,1020,37,sight,O,NN,O
1021,1021,37,of,O,IN,O
1022,1022,37,a,O,DT,O
1023,1023,37,female,O,JJ,O
1024,1024,37,elephant,O,NN,O
1025,1025,37,in,O,IN,O
1026,1026,37,heat,O,NN,O
1027,1027,37,.,O,.,O
1028,1028,38,And,O,CC,O
1029,1029,38,Salya,B-PER,NNP,O
1030,1030,38,of,O,IN,O
1031,1031,38,mighty,O,NN,O
1032,1032,38,arms,O,NNS,O
1033,1033,38,",",O,",",O
1034,1034,38,moved,O,VBN,O
1035,1035,38,by,O,IN,O
1036,1036,38,wrath,O,NN,O
1037,1037,38,addressed,O,VBN,O
1038,1038,38,Bhishma,B-PER,NNP,O
1039,1039,38,and,O,CC,O
1040,1040,38,said,O,VBD,O
1041,1041,38,",",O,",",O
1042,1042,38,'Stay,O,'',O
1043,1043,38,",",O,",",O
1044,1044,38,Stay,O,NNP,O
1045,1045,38,.,O,.,O
1046,1046,38,',O,'',O
1047,1047,39,Then,O,RB,O
1048,1048,39,Bhishma,B-PER,NNP,O
1049,1049,39,",",O,",",O
1050,1050,39,that,O,IN,O
1051,1051,39,tiger,O,NN,O
1052,1052,39,among,O,IN,O
1053,1053,39,men,O,NNS,O
1054,1054,39,",",O,",",O
1055,1055,39,that,O,IN,O
1056,1056,39,grinder,O,NN,O
1057,1057,39,of,O,IN,O
1058,1058,39,hostile,O,JJ,O
1059,1059,39,armies,O,NNS,O
1060,1060,39,",",O,",",O
1061,1061,39,provoked,O,VBN,O
1062,1062,39,by,O,IN,O
1063,1063,39,these,O,DT,O
1064,1064,39,words,O,NNS,O
1065,1065,39,",",O,",",O
1066,1066,39,flamed,O,VBD,O
1067,1067,39,up,O,RP,O
1068,1068,39,in,O,IN,O
1069,1069,39,wrath,O,NN,O
1070,1070,39,like,O,IN,O
1071,1071,39,a,O,DT,O
1072,1072,39,blazing,O,NN,O
1073,1073,39,fire,O,NN,O
1074,1074,39,.,O,.,O
1075,1075,40,Bow,O,NNP,O
1076,1076,40,in,O,IN,O
1077,1077,40,hand,O,NN,O
1078,1078,40,",",O,",",O
1079,1079,40,and,O,CC,O
1080,1080,40,brow,O,NN,O
1081,1081,40,furrowed,O,VBN,O
1082,1082,40,into,O,IN,O
1083,1083,40,wrinkles,O,NNS,O
1084,1084,40,",",O,",",O
1085,1085,40,he,O,PRP,O
1086,1086,40,stayed,O,VBD,O
1087,1087,40,on,O,IN,O
1088,1088,40,his,O,PRP$,O
1089,1089,40,car,O,NN,O
1090,1090,40,",",O,",",O
1091,1091,40,in,O,IN,O
1092,1092,40,obedience,O,NN,O
1093,1093,40,to,O,TO,O
1094,1094,40,Kshatriya,B-COMMUNITY,NNP,O
1095,1095,40,usage,O,NN,O
1096,1096,40,having,O,VBG,O
1097,1097,40,checked,O,VBN,O
1098,1098,40,its,O,PRP$,O
1099,1099,40,course,O,NN,O
1100,1100,40,in,O,IN,O
1101,1101,40,expectation,O,NN,O
1102,1102,40,of,O,IN,O
1103,1103,40,the,O,DT,O
1104,1104,40,enemy,O,NN,O
1105,1105,40,.,O,.,O
1106,1106,41,All,O,PDT,O
1107,1107,41,the,O,DT,O
1108,1108,41,monarchs,O,NNS,O
1109,1109,41,seeing,O,VBG,O
1110,1110,41,him,O,PRP,O
1111,1111,41,stop,O,VB,O
1112,1112,41,",",O,",",O
1113,1113,41,stood,O,VB,O
1114,1114,41,there,O,RB,O
1115,1115,41,to,O,TO,O
1116,1116,41,become,O,VB,O
1117,1117,41,spectators,O,NNS,O
1118,1118,41,of,O,IN,O
1119,1119,41,the,O,DT,O
1120,1120,41,coming,O,VBG,O
1121,1121,41,encounter,O,NN,O
1122,1122,41,between,O,IN,O
1123,1123,41,him,O,PRP,O
1124,1124,41,and,O,CC,O
1125,1125,41,Salya,B-PER,NNP,O
1126,1126,41,.,O,.,O
1127,1127,42,The,O,DT,O
1128,1128,42,two,O,CD,O
1129,1129,42,then,O,RB,O
1130,1130,42,began,O,VBD,O
1131,1131,42,to,O,TO,O
1132,1132,42,exhibit,O,VB,O
1133,1133,42,their,O,PRP$,O
1134,1134,42,prowess,O,NN,O
1135,1135,42,(,O,(,O
1136,1136,42,upon,O,IN,O
1137,1137,42,each,O,DT,O
1138,1138,42,other,O,JJ,O
1139,1139,42,),O,),O
1140,1140,42,like,O,IN,O
1141,1141,42,roaring,O,VBG,O
1142,1142,42,bulls,O,NNS,O
1143,1143,42,of,O,IN,O
1144,1144,42,great,O,JJ,O
1145,1145,42,strength,O,NN,O
1146,1146,42,at,O,IN,O
1147,1147,42,the,O,DT,O
1148,1148,42,sight,O,NN,O
1149,1149,42,of,O,IN,O
1150,1150,42,a,O,DT,O
1151,1151,42,cow,O,NN,O
1152,1152,42,in,O,IN,O
1153,1153,42,rut,O,NN,O
1154,1154,42,.,O,.,O
1155,1155,43,Then,O,RB,O
1156,1156,43,that,O,DT,O
1157,1157,43,foremost,O,NN,O
1158,1158,43,of,O,IN,O
1159,1159,43,men,O,NNS,O
1160,1160,43,",",O,",",O
1161,1161,43,king,O,VBG,O
1162,1162,43,Salya,B-PER,NNP,O
1163,1163,43,covered,O,VBD,O
1164,1164,43,Bhishma,B-PER,NNP,O
1165,1165,43,",",O,",",O
1166,1166,43,the,O,DT,O
1167,1167,43,son,O,NN,O
1168,1168,43,of,O,IN,O
1169,1169,43,Santanu,B-PER,NNP,O
1170,1170,43,with,O,IN,O
1171,1171,43,hundreds,O,NNS,O
1172,1172,43,and,O,CC,O
1173,1173,43,thousands,O,NNS,O
1174,1174,43,of,O,IN,O
1175,1175,43,swift-winged,O,JJ,O
1176,1176,43,shafts,O,NNS,O
1177,1177,43,.,O,.,O
1178,1178,44,And,O,CC,O
1179,1179,44,those,O,DT,O
1180,1180,44,monarchs,O,NNS,O
1181,1181,44,seeing,O,VBG,O
1182,1182,44,Salya,B-PER,NNP,O
1183,1183,44,thus,O,RB,O
1184,1184,44,covering,O,VBG,O
1185,1185,44,Bhishma,B-PER,NNP,O
1186,1186,44,at,O,IN,O
1187,1187,44,the,O,DT,O
1188,1188,44,outset,O,NN,O
1189,1189,44,with,O,IN,O
1190,1190,44,innumerable,O,JJ,O
1191,1191,44,shafts,O,NNS,O
1192,1192,44,",",O,",",O
1193,1193,44,wondered,O,VBD,O
1194,1194,44,much,O,RB,O
1195,1195,44,and,O,CC,O
1196,1196,44,uttered,O,JJ,O
1197,1197,44,shouts,O,NNS,O
1198,1198,44,of,O,IN,O
1199,1199,44,applause,O,NN,O
1200,1200,44,.,O,.,O
1201,1201,45,Beholding,O,VBG,O
1202,1202,45,his,O,PRP$,O
1203,1203,45,lightness,O,NN,O
1204,1204,45,of,O,IN,O
1205,1205,45,hand,O,NN,O
1206,1206,45,in,O,IN,O
1207,1207,45,combat,O,NN,O
1208,1208,45,",",O,",",O
1209,1209,45,the,O,DT,O
1210,1210,45,crowd,O,NN,O
1211,1211,45,of,O,IN,O
1212,1212,45,regal,O,JJ,O
1213,1213,45,spectators,O,NNS,O
1214,1214,45,became,O,VBD,O
1215,1215,45,very,O,RB,O
1216,1216,45,glad,O,JJ,O
1217,1217,45,and,O,CC,O
1218,1218,45,applauded,O,VBD,O
1219,1219,45,Salya,B-PER,NNP,O
1220,1220,45,greatly,O,RB,O
1221,1221,45,.,O,.,O
1222,1222,46,That,O,DT,O
1223,1223,46,subjugator,O,NN,O
1224,1224,46,of,O,IN,O
1225,1225,46,hostile,O,JJ,O
1226,1226,46,towns,O,NNS,O
1227,1227,46,",",O,",",O
1228,1228,46,Bhishma,B-PER,NNP,O
1229,1229,46,",",O,",",O
1230,1230,46,then,O,RB,O
1231,1231,46,",",O,",",O
1232,1232,46,on,O,IN,O
1233,1233,46,hearing,O,VBG,O
1234,1234,46,those,O,DT,O
1235,1235,46,shouts,O,NNS,O
1236,1236,46,of,O,IN,O
1237,1237,46,the,O,DT,O
1238,1238,46,Kshatriyas,B-COMMUNITY,NNP,O
1239,1239,46,",",O,",",O
1240,1240,46,became,O,VBD,O
1241,1241,46,very,O,RB,O
1242,1242,46,angry,O,JJ,O
1243,1243,46,and,O,CC,O
1244,1244,46,said,O,VBD,O
1245,1245,46,",",O,",",O
1246,1246,46,'Stay,O,'',O
1247,1247,46,",",O,",",O
1248,1248,46,Stay,O,NNP,O
1249,1249,46,',O,POS,O
1250,1250,46,.,O,.,O
1251,1251,47,In,O,IN,O
1252,1252,47,wrath,O,NN,O
1253,1253,47,",",O,",",O
1254,1254,47,he,O,PRP,O
1255,1255,47,commanded,O,VBD,O
1256,1256,47,his,O,PRP$,O
1257,1257,47,charioteer,O,NN,O
1258,1258,47,",",O,",",O
1259,1259,47,saying,O,VBG,O
1260,1260,47,",",O,",",O
1261,1261,47,'Lead,O,'',O
1262,1262,47,thou,O,VB,O
1263,1263,47,my,O,PRP$,O
1264,1264,47,car,O,NN,O
1265,1265,47,to,O,TO,O
1266,1266,47,where,O,WRB,O
1267,1267,47,Salya,B-PER,NNP,O
1268,1268,47,is,O,VBZ,O
1269,1269,47,",",O,",",O
1270,1270,47,so,O,IN,O
1271,1271,47,that,O,IN,O
1272,1272,47,I,O,PRP,O
1273,1273,47,may,O,MD,O
1274,1274,47,slay,O,VB,O
1275,1275,47,him,O,PRP,O
1276,1276,47,instantly,O,RB,O
1277,1277,47,as,O,IN,O
1278,1278,47,Garuda,B-PER,NNP,O
1279,1279,47,slays,O,VBZ,O
1280,1280,47,a,O,DT,O
1281,1281,47,serpent,O,NN,O
1282,1282,47,.,O,.,O
1283,1283,47,',O,'',O
1284,1284,48,Then,O,RB,O
1285,1285,48,the,O,DT,O
1286,1286,48,Kuru,B-COMMUNITY,NNP,O
1287,1287,48,chief,O,NN,O
1288,1288,48,fixed,O,VBD,O
1289,1289,48,the,O,DT,O
1290,1290,48,Varuna,B-PER,NNP,O
1291,1291,48,weapon,O,NN,O
1292,1292,48,on,O,IN,O
1293,1293,48,his,O,PRP$,O
1294,1294,48,bow-string,O,NN,O
1295,1295,48,",",O,",",O
1296,1296,48,and,O,CC,O
1297,1297,48,with,O,IN,O
1298,1298,48,it,O,PRP,O
1299,1299,48,afflicted,O,VBD,O
1300,1300,48,the,O,DT,O
1301,1301,48,four,O,CD,O
1302,1302,48,steeds,O,NNS,O
1303,1303,48,of,O,IN,O
1304,1304,48,king,O,VBG,O
1305,1305,48,Salya,B-PER,NNP,O
1306,1306,48,.,O,.,O
1307,1307,49,And,O,CC,O
1308,1308,49,",",O,",",O
1309,1309,49,O,O,NNP,O
1310,1310,49,tiger,O,NN,O
1311,1311,49,among,O,IN,O
1312,1312,49,kings,O,NNS,O
1313,1313,49,",",O,",",O
1314,1314,49,the,O,DT,O
1315,1315,49,Kuru,B-COMMUNITY,NNP,O
1316,1316,49,chief,O,NN,O
1317,1317,49,",",O,",",O
1318,1318,49,then,O,RB,O
1319,1319,49,",",O,",",O
1320,1320,49,warding,O,VBG,O
1321,1321,49,off,O,RP,O
1322,1322,49,with,O,IN,O
1323,1323,49,his,O,PRP$,O
1324,1324,49,weapons,O,NNS,O
1325,1325,49,those,O,DT,O
1326,1326,49,of,O,IN,O
1327,1327,49,his,O,PRP$,O
1328,1328,49,foe,O,NN,O
1329,1329,49,",",O,",",O
1330,1330,49,slew,O,VBD,O
1331,1331,49,Salya,B-PER,NNP,O
1332,1332,49,'s,O,POS,O
1333,1333,49,charioteer,O,NN,O
1334,1334,49,.,O,.,O
1335,1335,50,Then,O,RB,O
1336,1336,50,that,O,IN,O
1337,1337,50,first,O,JJ,O
1338,1338,50,of,O,IN,O
1339,1339,50,men,O,NNS,O
1340,1340,50,",",O,",",O
1341,1341,50,Bhishma,B-PER,NNP,O
1342,1342,50,",",O,",",O
1343,1343,50,the,O,DT,O
1344,1344,50,son,O,NN,O
1345,1345,50,of,O,IN,O
1346,1346,50,Santanu,B-PER,NNP,O
1347,1347,50,",",O,",",O
1348,1348,50,fighting,O,VBG,O
1349,1349,50,for,O,IN,O
1350,1350,50,the,O,DT,O
1351,1351,50,sake,O,NN,O
1352,1352,50,of,O,IN,O
1353,1353,50,those,O,DT,O
1354,1354,50,damsels,O,NNS,O
1355,1355,50,",",O,",",O
1356,1356,50,slew,O,NN,O
1357,1357,50,with,O,IN,O
1358,1358,50,the,O,DT,O
1359,1359,50,Aindra,B-WEAPON&WAR_STRATEGY,NNP,O
1360,1360,50,weapon,O,IN,O
1361,1361,50,the,O,DT,O
1362,1362,50,noble,O,JJ,O
1363,1363,50,steeds,O,NNS,O
1364,1364,50,of,O,IN,O
1365,1365,50,his,O,PRP$,O
1366,1366,50,adversary,O,NN,O
1367,1367,50,.,O,.,O
1368,1368,51,He,O,PRP,O
1369,1369,51,then,O,RB,O
1370,1370,51,vanquished,O,VBD,O
1371,1371,51,that,O,IN,O
1372,1372,51,best,O,JJS,O
1373,1373,51,of,O,IN,O
1374,1374,51,monarchs,O,NN,O
1375,1375,51,but,O,CC,O
1376,1376,51,left,O,VBD,O
1377,1377,51,him,O,PRP,O
1378,1378,51,with,O,IN,O
1379,1379,51,his,O,PRP$,O
1380,1380,51,life,O,NN,O
1381,1381,51,.,O,.,O
1382,1382,52,O,O,NNP,O
1383,1383,52,bull,O,NN,O
1384,1384,52,of,O,IN,O
1385,1385,52,Bharata,B-COMMUNITY,NNP,O
1386,1386,52,'s,O,POS,O
1387,1387,52,race,O,NN,O
1388,1388,52,",",O,",",O
1389,1389,52,Salya,B-PER,NNP,O
1390,1390,52,",",O,",",O
1391,1391,52,after,O,IN,O
1392,1392,52,his,O,PRP$,O
1393,1393,52,defeat,O,NN,O
1394,1394,52,",",O,",",O
1395,1395,52,returned,O,VBN,O
1396,1396,52,to,O,TO,O
1397,1397,52,his,O,PRP$,O
1398,1398,52,kingdom,O,NN,O
1399,1399,52,and,O,CC,O
1400,1400,52,continued,O,VBD,O
1401,1401,52,to,O,TO,O
1402,1402,52,rule,O,VB,O
1403,1403,52,it,O,PRP,O
1404,1404,52,virtuously,O,RB,O
1405,1405,52,.,O,.,O
1406,1406,53,And,O,CC,O
1407,1407,53,O,O,NNP,O
1408,1408,53,conqueror,O,NN,O
1409,1409,53,of,O,IN,O
1410,1410,53,hostile,O,JJ,O
1411,1411,53,towns,O,NNS,O
1412,1412,53,",",O,",",O
1413,1413,53,the,O,DT,O
1414,1414,53,other,O,JJ,O
1415,1415,53,kings,O,NNS,O
1416,1416,53,also,O,RB,O
1417,1417,53,",",O,",",O
1418,1418,53,who,O,WP,O
1419,1419,53,had,O,VBD,O
1420,1420,53,come,O,VBN,O
1421,1421,53,to,O,TO,O
1422,1422,53,witness,O,VB,O
1423,1423,53,",",O,",",O
1424,1424,53,the,O,DT,O
1425,1425,53,self-choice,O,NN,O
1426,1426,53,ceremony,O,NN,O
1427,1427,53,returned,O,VBN,O
1428,1428,53,to,O,TO,O
1429,1429,53,their,O,PRP$,O
1430,1430,53,own,O,JJ,O
1431,1431,53,kingdoms,O,NNS,O
1432,1432,53,.,O,.,O
1433,1433,54,``,O,``,O
1434,1434,54,That,O,DT,O
1435,1435,54,foremost,O,NN,O
1436,1436,54,of,O,IN,O
1437,1437,54,smiters,O,NNS,O
1438,1438,54,",",O,",",O
1439,1439,54,viz.,O,NN,O
1440,1440,54,",",O,",",O
1441,1441,54,Bhishma,B-PER,NNP,O
1442,1442,54,",",O,",",O
1443,1443,54,after,O,IN,O
1444,1444,54,defeating,O,VBG,O
1445,1445,54,those,O,DT,O
1446,1446,54,monarchs,O,NNS,O
1447,1447,54,",",O,",",O
1448,1448,54,set,O,VBN,O
1449,1449,54,out,O,RP,O
1450,1450,54,with,O,IN,O
1451,1451,54,those,O,DT,O
1452,1452,54,damsels,O,NNS,O
1453,1453,54,",",O,",",O
1454,1454,54,for,O,IN,O
1455,1455,54,Hastinapura,B-PLACE,NNP,O
1456,1456,54,whence,O,NN,O
1457,1457,54,the,O,DT,O
1458,1458,54,virtuous,O,JJ,O
1459,1459,54,Kuru,B-PER,NNP,O
1460,1460,54,prince,O,NN,O
1461,1461,54,Vichitravirya,B-PER,NNP,O
1462,1462,54,ruled,O,VBD,O
1463,1463,54,the,O,DT,O
1464,1464,54,earth,B-PLACE,NN,O
1465,1465,54,like,O,IN,O
1466,1466,54,that,O,DT,O
1467,1467,54,best,O,JJS,O
1468,1468,54,of,O,IN,O
1469,1469,54,monarchs,O,NN,O
1470,1470,54,",",O,",",O
1471,1471,54,viz.,O,NN,O
1472,1472,54,",",O,",",O
1473,1473,54,his,O,PRP$,O
1474,1474,54,father,O,NN,O
1475,1475,54,Santanu,B-PER,NNP,O
1476,1476,54,.,O,.,O
1477,1477,55,And,O,CC,O
1478,1478,55,",",O,",",O
1479,1479,55,O,O,NNP,O
1480,1480,55,king,O,NN,O
1481,1481,55,",",O,",",O
1482,1482,55,passing,O,VBG,O
1483,1483,55,through,O,IN,O
1484,1484,55,many,O,JJ,O
1485,1485,55,forests,O,NNS,O
1486,1486,55,",",O,",",O
1487,1487,55,rivers,O,NNS,O
1488,1488,55,",",O,",",O
1489,1489,55,hills,O,NNS,O
1490,1490,55,",",O,",",O
1491,1491,55,and,O,CC,O
1492,1492,55,woods,O,NNS,O
1493,1493,55,abounding,O,VBG,O
1494,1494,55,with,O,IN,O
1495,1495,55,trees,O,NNS,O
1496,1496,55,",",O,",",O
1497,1497,55,he,O,PRP,O
1498,1498,55,arrived,O,VBD,O
1499,1499,55,(,O,(,O
1500,1500,55,at,O,IN,O
1501,1501,55,the,O,DT,O
1502,1502,55,capital,O,NN,O
1503,1503,55,),O,),O
1504,1504,55,in,O,IN,O
1505,1505,55,no,O,DT,O
1506,1506,55,time,O,NN,O
1507,1507,55,.,O,.,O
1508,1508,56,Of,O,IN,O
1509,1509,56,immeasurable,O,JJ,O
1510,1510,56,prowess,O,NN,O
1511,1511,56,in,O,IN,O
1512,1512,56,battle,O,NN,O
1513,1513,56,",",O,",",O
1514,1514,56,the,O,DT,O
1515,1515,56,son,O,NN,O
1516,1516,56,of,O,IN,O
1517,1517,56,the,O,DT,O
1518,1518,56,ocean-going,O,JJ,O
1519,1519,56,Ganga,B-PER,NNP,O
1520,1520,56,",",O,",",O
1521,1521,56,having,O,VBG,O
1522,1522,56,slain,O,NN,O
1523,1523,56,numberless,O,NN,O
1524,1524,56,foes,O,NNS,O
1525,1525,56,in,O,IN,O
1526,1526,56,battle,O,NN,O
1527,1527,56,without,O,IN,O
1528,1528,56,a,O,DT,O
1529,1529,56,scratch,O,NN,O
1530,1530,56,on,O,IN,O
1531,1531,56,his,O,PRP$,O
1532,1532,56,own,O,JJ,O
1533,1533,56,person,O,NN,O
1534,1534,56,",",O,",",O
1535,1535,56,brought,O,VBD,O
1536,1536,56,the,O,DT,O
1537,1537,56,daughters,O,NNS,O
1538,1538,56,of,O,IN,O
1539,1539,56,the,O,DT,O
1540,1540,56,king,O,NN,O
1541,1541,56,of,O,IN,O
1542,1542,56,Kasi,B-PLACE,NNP,O
1543,1543,56,unto,O,IN,O
1544,1544,56,the,O,DT,O
1545,1545,56,Kurus,B-COMMUNITY,NNP,O
1546,1546,56,as,O,IN,O
1547,1547,56,tenderly,O,RB,O
1548,1548,56,if,O,IN,O
1549,1549,56,they,O,PRP,O
1550,1550,56,were,O,VBD,O
1551,1551,56,his,O,PRP$,O
1552,1552,56,daughters-in-law,O,NN,O
1553,1553,56,",",O,",",O
1554,1554,56,or,O,CC,O
1555,1555,56,younger,O,JJR,O
1556,1556,56,sisters,O,NNS,O
1557,1557,56,",",O,",",O
1558,1558,56,or,O,CC,O
1559,1559,56,daughters,O,NNS,O
1560,1560,56,.,O,.,O
1561,1561,57,And,O,CC,O
1562,1562,57,Bhishma,B-PER,NNP,O
1563,1563,57,of,O,IN,O
1564,1564,57,mighty,O,NN,O
1565,1565,57,arms,O,NNS,O
1566,1566,57,",",O,",",O
1567,1567,57,impelled,O,VBN,O
1568,1568,57,by,O,IN,O
1569,1569,57,the,O,DT,O
1570,1570,57,desire,O,NN,O
1571,1571,57,of,O,IN,O
1572,1572,57,benefiting,O,VBG,O
1573,1573,57,his,O,PRP$,O
1574,1574,57,brother,O,NN,O
1575,1575,57,",",O,",",O
1576,1576,57,having,O,VBG,O
1577,1577,57,by,O,IN,O
1578,1578,57,his,O,PRP$,O
1579,1579,57,prowess,O,NN,O
1580,1580,57,brought,O,VBD,O
1581,1581,57,them,O,PRP,O
1582,1582,57,thus,O,RB,O
1583,1583,57,",",O,",",O
1584,1584,57,then,O,RB,O
1585,1585,57,offered,O,VBD,O
1586,1586,57,those,O,DT,O
1587,1587,57,maidens,O,NNS,O
1588,1588,57,possessing,O,VBG,O
1589,1589,57,every,O,DT,O
1590,1590,57,accomplishment,O,NN,O
1591,1591,57,unto,O,IN,O
1592,1592,57,Vichitravirya,B-PER,NNP,O
1593,1593,57,.,O,.,O
1594,1594,58,Conversant,O,NN,O
1595,1595,58,with,O,IN,O
1596,1596,58,the,O,DT,O
1597,1597,58,dictates,O,NNS,O
1598,1598,58,of,O,IN,O
1599,1599,58,virtue,O,NN,O
1600,1600,58,",",O,",",O
1601,1601,58,the,O,DT,O
1602,1602,58,son,O,NN,O
1603,1603,58,of,O,IN,O
1604,1604,58,Santanu,B-PER,NNP,O
1605,1605,58,",",O,",",O
1606,1606,58,having,O,VBG,O
1607,1607,58,achieved,O,VBN,O
1608,1608,58,such,O,PDT,O
1609,1609,58,an,O,DT,O
1610,1610,58,extraordinary,O,JJ,O
1611,1611,58,feat,O,NN,O
1612,1612,58,according,O,VBG,O
1613,1613,58,to,O,TO,O
1614,1614,58,(,O,(,O
1615,1615,58,kingly,O,RB,O
1616,1616,58,),O,),O
1617,1617,58,custom,O,NN,O
1618,1618,58,",",O,",",O
1619,1619,58,then,O,RB,O
1620,1620,58,began,O,VBD,O
1621,1621,58,to,O,TO,O
1622,1622,58,make,O,VB,O
1623,1623,58,preparations,O,NNS,O
1624,1624,58,for,O,IN,O
1625,1625,58,his,O,PRP$,O
1626,1626,58,brother,O,NN,O
1627,1627,58,'s,O,POS,O
1628,1628,58,wedding,O,NN,O
1629,1629,58,.,O,.,O
1630,1630,59,And,O,CC,O
1631,1631,59,when,O,WRB,O
1632,1632,59,everything,O,NN,O
1633,1633,59,about,O,IN,O
1634,1634,59,the,O,DT,O
1635,1635,59,wedding,O,NN,O
1636,1636,59,had,O,VBD,O
1637,1637,59,been,O,VBN,O
1638,1638,59,settled,O,VBN,O
1639,1639,59,by,O,IN,O
1640,1640,59,Bhishma,B-PER,NNP,O
1641,1641,59,in,O,IN,O
1642,1642,59,consultation,O,NN,O
1643,1643,59,with,O,IN,O
1644,1644,59,Satyavati,B-PER,NNP,O
1645,1645,59,",",O,",",O
1646,1646,59,the,O,DT,O
1647,1647,59,eldest,O,JJS,O
1648,1648,59,daughter,O,NN,O
1649,1649,59,of,O,IN,O
1650,1650,59,the,O,DT,O
1651,1651,59,king,O,NN,O
1652,1652,59,of,O,IN,O
1653,1653,59,Kasi,B-PLACE,NNP,O
1654,1654,59,",",O,",",O
1655,1655,59,with,O,IN,O
1656,1656,59,a,O,DT,O
1657,1657,59,soft,O,JJ,O
1658,1658,59,smile,O,NN,O
1659,1659,59,",",O,",",O
1660,1660,59,told,O,VBD,O
1661,1661,59,him,O,PRP,O
1662,1662,59,these,O,DT,O
1663,1663,59,words,O,NNS,O
1664,1664,59,",",O,",",O
1665,1665,59,'At,O,'',O
1666,1666,59,heart,O,NN,O
1667,1667,59,I,O,PRP,O
1668,1668,59,had,O,VBD,O
1669,1669,59,chosen,O,VBN,O
1670,1670,59,the,O,DT,O
1671,1671,59,king,O,NN,O
1672,1672,59,of,O,IN,O
1673,1673,59,Saubha,B-PLACE,NNP,O
1674,1674,59,for,O,IN,O
1675,1675,59,my,O,PRP$,O
1676,1676,59,husband,O,NN,O
1677,1677,59,.,O,.,O
1678,1678,60,He,O,PRP,O
1679,1679,60,had,O,VBD,O
1680,1680,60,",",O,",",O
1681,1681,60,in,O,IN,O
1682,1682,60,his,O,PRP$,O
1683,1683,60,heart,O,NN,O
1684,1684,60,",",O,",",O
1685,1685,60,accepted,O,VBD,O
1686,1686,60,me,O,PRP,O
1687,1687,60,for,O,IN,O
1688,1688,60,his,O,PRP$,O
1689,1689,60,wife,O,NN,O
1690,1690,60,.,O,.,O
1691,1691,61,This,O,DT,O
1692,1692,61,was,O,VBD,O
1693,1693,61,also,O,RB,O
1694,1694,61,approved,O,VBN,O
1695,1695,61,by,O,IN,O
1696,1696,61,my,O,PRP$,O
1697,1697,61,father,O,NN,O
1698,1698,61,.,O,.,O
1699,1699,62,At,O,IN,O
1700,1700,62,the,O,DT,O
1701,1701,62,self-choice,O,NN,O
1702,1702,62,ceremony,O,NN,O
1703,1703,62,also,O,RB,O
1704,1704,62,I,O,PRP,O
1705,1705,62,would,O,MD,O
1706,1706,62,have,O,VB,O
1707,1707,62,chosen,O,VBN,O
1708,1708,62,him,O,PRP,O
1709,1709,62,as,O,IN,O
1710,1710,62,my,O,PRP$,O
1711,1711,62,lord,O,NN,O
1712,1712,62,.,O,.,O
1713,1713,63,Thou,O,NNP,O
1714,1714,63,art,O,NN,O
1715,1715,63,conversant,O,NN,O
1716,1716,63,with,O,IN,O
1717,1717,63,all,O,PDT,O
1718,1718,63,the,O,DT,O
1719,1719,63,dictates,O,NNS,O
1720,1720,63,of,O,IN,O
1721,1721,63,virtue,O,NN,O
1722,1722,63,",",O,",",O
1723,1723,63,knowing,O,VBG,O
1724,1724,63,all,O,PDT,O
1725,1725,63,this,O,DT,O
1726,1726,63,",",O,",",O
1727,1727,63,do,O,VBP,O
1728,1728,63,as,O,IN,O
1729,1729,63,thou,O,NN,O
1730,1730,63,likest,O,JJS,O
1731,1731,63,.,O,.,O
1732,1732,63,',O,'',O
1733,1733,64,Thus,O,RB,O
1734,1734,64,addressed,O,VBN,O
1735,1735,64,by,O,IN,O
1736,1736,64,that,O,DT,O
1737,1737,64,maiden,O,NN,O
1738,1738,64,in,O,IN,O
1739,1739,64,the,O,DT,O
1740,1740,64,presence,O,NN,O
1741,1741,64,of,O,IN,O
1742,1742,64,the,O,DT,O
1743,1743,64,Brahmanas,B-COMMUNITY,NNP,O
1744,1744,64,",",O,",",O
1745,1745,64,the,O,DT,O
1746,1746,64,heroic,O,NN,O
1747,1747,64,Bhishma,B-PER,NNP,O
1748,1748,64,began,O,VBD,O
1749,1749,64,to,O,TO,O
1750,1750,64,reflect,O,VB,O
1751,1751,64,as,O,IN,O
1752,1752,64,to,O,TO,O
1753,1753,64,what,O,WP,O
1754,1754,64,should,O,MD,O
1755,1755,64,be,O,VB,O
1756,1756,64,done,O,VBN,O
1757,1757,64,.,O,.,O
1758,1758,65,As,O,IN,O
1759,1759,65,he,O,PRP,O
1760,1760,65,was,O,VBD,O
1761,1761,65,conversant,O,JJ,O
1762,1762,65,with,O,IN,O
1763,1763,65,the,O,DT,O
1764,1764,65,rules,O,NNS,O
1765,1765,65,of,O,IN,O
1766,1766,65,virtue,O,NN,O
1767,1767,65,",",O,",",O
1768,1768,65,he,O,PRP,O
1769,1769,65,consulted,O,VBD,O
1770,1770,65,with,O,IN,O
1771,1771,65,the,O,DT,O
1772,1772,65,Brahmanas,B-COMMUNITY,NNP,O
1773,1773,65,who,O,WP,O
1774,1774,65,had,O,VBD,O
1775,1775,65,mastered,O,VBN,O
1776,1776,65,the,O,DT,O
1777,1777,65,Vedas,B-LIT&ART,NNP,O
1778,1778,65,",",O,",",O
1779,1779,65,and,O,CC,O
1780,1780,65,permitted,O,VBD,O
1781,1781,65,Amba,B-PER,NNP,O
1782,1782,65,",",O,",",O
1783,1783,65,the,O,DT,O
1784,1784,65,eldest,O,JJS,O
1785,1785,65,daughter,O,NN,O
1786,1786,65,of,O,IN,O
1787,1787,65,the,O,DT,O
1788,1788,65,ruler,O,NN,O
1789,1789,65,of,O,IN,O
1790,1790,65,Kasi,B-PLACE,NNP,O
1791,1791,65,to,O,TO,O
1792,1792,65,do,O,VB,O
1793,1793,65,as,O,IN,O
1794,1794,65,she,O,PRP,O
1795,1795,65,liked,O,VBD,O
1796,1796,65,.,O,.,O
1797,1797,66,But,O,CC,O
1798,1798,66,he,O,PRP,O
1799,1799,66,bestowed,O,VBD,O
1800,1800,66,with,O,IN,O
1801,1801,66,due,O,JJ,O
1802,1802,66,rites,O,NNS,O
1803,1803,66,the,O,DT,O
1804,1804,66,two,O,CD,O
1805,1805,66,other,O,JJ,O
1806,1806,66,daughters,O,NNS,O
1807,1807,66,",",O,",",O
1808,1808,66,Ambika,B-PER,NNP,O
1809,1809,66,and,O,CC,O
1810,1810,66,Ambalika,B-PER,NNP,O
1811,1811,66,on,O,IN,O
1812,1812,66,his,O,PRP$,O
1813,1813,66,younger,O,JJR,O
1814,1814,66,brother,O,NN,O
1815,1815,66,Vichitravirya,B-PER,NNP,O
1816,1816,66,.,O,.,O
1817,1817,67,And,O,CC,O
1818,1818,67,though,O,IN,O
1819,1819,67,Vichitravirya,B-PER,NNP,O
1820,1820,67,was,O,VBD,O
1821,1821,67,virtuous,O,JJ,O
1822,1822,67,and,O,CC,O
1823,1823,67,abstemious,O,JJ,O
1824,1824,67,",",O,",",O
1825,1825,67,yet,O,RB,O
1826,1826,67,",",O,",",O
1827,1827,67,proud,O,NN,O
1828,1828,67,of,O,IN,O
1829,1829,67,youth,O,NN,O
1830,1830,67,and,O,CC,O
1831,1831,67,beauty,O,NN,O
1832,1832,67,",",O,",",O
1833,1833,67,he,O,PRP,O
1834,1834,67,soon,O,RB,O
1835,1835,67,became,O,VBD,O
1836,1836,67,lustful,O,JJ,O
1837,1837,67,after,O,IN,O
1838,1838,67,his,O,PRP$,O
1839,1839,67,marriage,O,NN,O
1840,1840,67,.,O,.,O
1841,1841,68,And,O,CC,O
1842,1842,68,both,O,DT,O
1843,1843,68,Ambika,B-PER,NNP,O
1844,1844,68,and,O,CC,O
1845,1845,68,Ambalika,B-PER,NNP,O
1846,1846,68,were,O,VBD,O
1847,1847,68,of,O,IN,O
1848,1848,68,tall,O,JJ,O
1849,1849,68,stature,O,NN,O
1850,1850,68,",",O,",",O
1851,1851,68,and,O,CC,O
1852,1852,68,of,O,IN,O
1853,1853,68,the,O,DT,O
1854,1854,68,complexion,O,NN,O
1855,1855,68,of,O,IN,O
1856,1856,68,molten,O,JJ,O
1857,1857,68,gold,O,NN,O
1858,1858,68,.,O,.,O
1859,1859,69,And,O,CC,O
1860,1860,69,their,O,PRP$,O
1861,1861,69,heads,O,NNS,O
1862,1862,69,were,O,VBD,O
1863,1863,69,covered,O,VBN,O
1864,1864,69,with,O,IN,O
1865,1865,69,black,O,JJ,O
1866,1866,69,curly,O,JJ,O
1867,1867,69,hair,O,NN,O
1868,1868,69,",",O,",",O
1869,1869,69,and,O,CC,O
1870,1870,69,their,O,PRP$,O
1871,1871,69,finger-nails,O,NNS,O
1872,1872,69,were,O,VBD,O
1873,1873,69,high,O,JJ,O
1874,1874,69,and,O,CC,O
1875,1875,69,red,O,JJ,O
1876,1876,69,;,O,:,O
1877,1877,69,their,O,PRP$,O
1878,1878,69,hips,O,NNS,O
1879,1879,69,were,O,VBD,O
1880,1880,69,fat,O,JJ,O
1881,1881,69,and,O,CC,O
1882,1882,69,round,O,NN,O
1883,1883,69,",",O,",",O
1884,1884,69,and,O,CC,O
1885,1885,69,their,O,PRP$,O
1886,1886,69,breasts,O,NNS,O
1887,1887,69,full,O,JJ,O
1888,1888,69,and,O,CC,O
1889,1889,69,deep,O,JJ,O
1890,1890,69,.,O,.,O
1891,1891,70,And,O,CC,O
1892,1892,70,endued,O,VBN,O
1893,1893,70,with,O,IN,O
1894,1894,70,every,O,DT,O
1895,1895,70,auspicious,O,JJ,O
1896,1896,70,mark,O,NN,O
1897,1897,70,",",O,",",O
1898,1898,70,the,O,DT,O
1899,1899,70,amiable,O,JJ,O
1900,1900,70,young,O,JJ,O
1901,1901,70,ladies,O,NNS,O
1902,1902,70,considered,O,VBN,O
1903,1903,70,themselves,O,PRP,O
1904,1904,70,to,O,TO,O
1905,1905,70,be,O,VB,O
1906,1906,70,wedded,O,VBN,O
1907,1907,70,to,O,TO,O
1908,1908,70,a,O,DT,O
1909,1909,70,husband,O,NN,O
1910,1910,70,who,O,WP,O
1911,1911,70,was,O,VBD,O
1912,1912,70,every,O,DT,O
1913,1913,70,way,O,NN,O
1914,1914,70,worthy,O,NN,O
1915,1915,70,of,O,IN,O
1916,1916,70,themselves,O,PRP,O
1917,1917,70,",",O,",",O
1918,1918,70,and,O,CC,O
1919,1919,70,extremely,O,RB,O
1920,1920,70,loved,O,JJ,O
1921,1921,70,and,O,CC,O
1922,1922,70,respected,O,JJ,O
1923,1923,70,Vichitravirya,B-PER,NNP,O
1924,1924,70,.,O,.,O
1925,1925,71,And,O,CC,O
1926,1926,71,Vichitravirya,B-PER,NNP,O
1927,1927,71,also,O,RB,O
1928,1928,71,",",O,",",O
1929,1929,71,endued,O,VBN,O
1930,1930,71,with,O,IN,O
1931,1931,71,the,O,DT,O
1932,1932,71,prowess,O,NN,O
1933,1933,71,of,O,IN,O
1934,1934,71,the,O,DT,O
1935,1935,71,celestials,O,NNS,O
1936,1936,71,and,O,CC,O
1937,1937,71,the,O,DT,O
1938,1938,71,beauty,O,NN,O
1939,1939,71,of,O,IN,O
1940,1940,71,the,O,DT,O
1941,1941,71,twin,O,NN,O
1942,1942,71,Aswins,B-PER,NNP,O
1943,1943,71,",",O,",",O
1944,1944,71,could,O,MD,O
1945,1945,71,steal,O,VB,O
1946,1946,71,the,O,DT,O
1947,1947,71,heart,O,NN,O
1948,1948,71,of,O,IN,O
1949,1949,71,any,O,DT,O
1950,1950,71,beautiful,O,JJ,O
1951,1951,71,woman,O,NN,O
1952,1952,71,.,O,.,O
1953,1953,72,And,O,CC,O
1954,1954,72,the,O,DT,O
1955,1955,72,prince,O,NN,O
1956,1956,72,passed,O,VBD,O
1957,1957,72,seven,O,CD,O
1958,1958,72,years,O,NNS,O
1959,1959,72,uninterruptedly,O,RB,O
1960,1960,72,in,O,IN,O
1961,1961,72,the,O,DT,O
1962,1962,72,company,O,NN,O
1963,1963,72,of,O,IN,O
1964,1964,72,his,O,PRP$,O
1965,1965,72,wives,O,NNS,O
1966,1966,72,.,O,.,O
1967,1967,73,He,O,PRP,O
1968,1968,73,was,O,VBD,O
1969,1969,73,attacked,O,VBN,O
1970,1970,73,while,O,IN,O
1971,1971,73,yet,O,RB,O
1972,1972,73,in,O,IN,O
1973,1973,73,the,O,DT,O
1974,1974,73,prime,O,NN,O
1975,1975,73,of,O,IN,O
1976,1976,73,youth,O,NN,O
1977,1977,73,",",O,",",O
1978,1978,73,with,O,IN,O
1979,1979,73,phthisis,O,NN,O
1980,1980,73,.,O,.,O
1981,1981,74,Friends,O,NNS,O
1982,1982,74,and,O,CC,O
1983,1983,74,relatives,O,NNS,O
1984,1984,74,in,O,IN,O
1985,1985,74,consultation,O,NN,O
1986,1986,74,with,O,IN,O
1987,1987,74,one,O,CD,O
1988,1988,74,another,O,DT,O
1989,1989,74,tried,O,VBN,O
1990,1990,74,to,O,TO,O
1991,1991,74,effect,O,NN,O
1992,1992,74,a,O,DT,O
1993,1993,74,cure,O,NN,O
1994,1994,74,.,O,.,O
1995,1995,75,But,O,CC,O
1996,1996,75,in,O,IN,O
1997,1997,75,spite,O,NN,O
1998,1998,75,of,O,IN,O
1999,1999,75,all,O,DT,O
2000,2000,75,efforts,O,NNS,O
2001,2001,75,",",O,",",O
2002,2002,75,the,O,DT,O
2003,2003,75,Kuru,B-COMMUNITY,NNP,O
2004,2004,75,prince,O,NN,O
2005,2005,75,died,O,VBD,O
2006,2006,75,",",O,",",O
2007,2007,75,setting,O,VBG,O
2008,2008,75,like,O,IN,O
2009,2009,75,the,O,DT,O
2010,2010,75,evening,O,NN,O
2011,2011,75,sun,O,NN,O
2012,2012,75,.,O,.,O
2013,2013,76,The,O,DT,O
2014,2014,76,virtuous,O,JJ,O
2015,2015,76,Bhishma,B-PER,NNP,O
2016,2016,76,then,O,RB,O
2017,2017,76,became,O,VBD,O
2018,2018,76,plunged,O,VBD,O
2019,2019,76,into,O,IN,O
2020,2020,76,anxiety,O,NN,O
2021,2021,76,and,O,CC,O
2022,2022,76,grief,O,NN,O
2023,2023,76,",",O,",",O
2024,2024,76,and,O,CC,O
2025,2025,76,in,O,IN,O
2026,2026,76,consultation,O,NN,O
2027,2027,76,with,O,IN,O
2028,2028,76,Satyavati,B-PER,NNP,O
2029,2029,76,caused,O,VBD,O
2030,2030,76,the,O,DT,O
2031,2031,76,obsequial,O,JJ,O
2032,2032,76,rites,O,NNS,O
2033,2033,76,of,O,IN,O
2034,2034,76,the,O,DT,O
2035,2035,76,deceased,O,VBN,O
2036,2036,76,to,O,TO,O
2037,2037,76,be,O,VB,O
2038,2038,76,performed,O,VBN,O
2039,2039,76,by,O,IN,O
2040,2040,76,learned,O,JJ,O
2041,2041,76,priests,O,NNS,O
2042,2042,76,and,O,CC,O
2043,2043,76,the,O,DT,O
2044,2044,76,several,O,JJ,O
2045,2045,76,of,O,IN,O
2046,2046,76,the,O,DT,O
2047,2047,76,Kuru,B-COMMUNITY,NNP,O
2048,2048,76,race,O,NN,O
2049,2049,76,.,O,.,O
2050,2050,76,',O,'',O
2051,2051,76,'',O,'',O
